course_code,course_name,programme,semester,credits
CS101,Programming Fundamentals,B.Tech CSE,1,4
CS102,Engineering Mathematics I,B.Tech CSE,1,4
CS103,Engineering Physics,B.Tech CSE,1,3
CS104,Communication Skills,B.Tech CSE,1,3
CS105,Engineering Mathematics II,B.Tech CSE,2,4
CS106,Digital Electronics,B.Tech CSE,2,4
CS107,Environmental Studies,B.Tech CSE,2,3
CS108,Problem Solving with Python,B.Tech CSE,2,3
CS201,Data Structures,B.Tech CSE,3,4
CS202,Discrete Mathematics,B.Tech CSE,3,4
CS203,Computer Organization,B.Tech CSE,3,3
CS204,Object Oriented Programming,B.Tech CSE,3,3
CS205,Design and Analysis of Algorithms,B.Tech CSE,4,4
CS206,Database Systems,B.Tech CSE,4,4
CS207,Probability and Statistics,B.Tech CSE,4,3
CS208,Microprocessors,B.Tech CSE,4,3
CS301,Operating Systems,B.Tech CSE,5,4
CS302,Computer Networks,B.Tech CSE,5,4
CS303,Theory of Computation,B.Tech CSE,5,3
CS304,Software Engineering,B.Tech CSE,5,3
CS305,Compiler Design,B.Tech CSE,6,4
CS306,Machine Learning,B.Tech CSE,6,4
CS307,Information Security,B.Tech CSE,6,3
CS308,Web Technologies,B.Tech CSE,6,3
CS401,Distributed Systems,B.Tech CSE,7,4
CS402,Cloud Computing,B.Tech CSE,7,4
CS403,Data Mining,B.Tech CSE,7,3
CS404,Professional Elective I,B.Tech CSE,7,3
CS405,Professional Elective II,B.Tech CSE,8,4
CS406,Open Elective,B.Tech CSE,8,4
CS407,Project Work Phase II,B.Tech CSE,8,3
CS408,Seminar,B.Tech CSE,8,3
EC101,Programming Fundamentals,B.Tech ECE,1,4
EC102,Engineering Mathematics I,B.Tech ECE,1,4
EC103,Engineering Physics,B.Tech ECE,1,3
EC104,Communication Skills,B.Tech ECE,1,3
EC105,Engineering Mathematics II,B.Tech ECE,2,4
EC106,Basic Electrical Engineering,B.Tech ECE,2,4
EC107,Environmental Studies,B.Tech ECE,2,3
EC108,Circuit Theory,B.Tech ECE,2,3
EC201,Analog Electronics,B.Tech ECE,3,4
EC202,Signals and Systems,B.Tech ECE,3,4
EC203,Electromagnetic Theory,B.Tech ECE,3,3
EC204,Digital Circuits,B.Tech ECE,3,3
EC205,Communication Systems,B.Tech ECE,4,4
EC206,Linear Integrated Circuits,B.Tech ECE,4,4
EC207,Control Systems,B.Tech ECE,4,3
EC208,Microcontrollers,B.Tech ECE,4,3
EC301,Digital Signal Processing,B.Tech ECE,5,4
EC302,VLSI Design,B.Tech ECE,5,4
EC303,Antenna Theory,B.Tech ECE,5,3
EC304,Embedded Systems,B.Tech ECE,5,3
EC305,Wireless Communication,B.Tech ECE,6,4
EC306,Optical Communication,B.Tech ECE,6,4
EC307,Radar Systems,B.Tech ECE,6,3
EC308,IoT Systems,B.Tech ECE,6,3
EC401,Satellite Communication,B.Tech ECE,7,4
EC402,Network Security,B.Tech ECE,7,4
EC403,Professional Elective I,B.Tech ECE,7,3
EC404,Open Elective,B.Tech ECE,7,3
EC405,Professional Elective II,B.Tech ECE,8,4
EC406,Project Work Phase II,B.Tech ECE,8,4
EC407,Seminar,B.Tech ECE,8,3
EC408,Industrial Training,B.Tech ECE,8,3
MC101,Advanced Algorithms,M.Tech CSE,1,4
MC102,Research Methodology,M.Tech CSE,1,4
MC103,Advanced Databases,M.Tech CSE,1,3
MC104,Parallel Computing,M.Tech CSE,1,3
MC105,Advanced Machine Learning,M.Tech CSE,2,4
MC106,Cloud Architecture,M.Tech CSE,2,4
MC107,Elective I,M.Tech CSE,2,3
MC108,Elective II,M.Tech CSE,2,3
MC201,Elective III,M.Tech CSE,3,4
MC202,Dissertation Phase I,M.Tech CSE,3,4
MC203,Seminar,M.Tech CSE,3,3
MC204,Technical Writing,M.Tech CSE,3,3
MC205,Dissertation Phase II,M.Tech CSE,4,4
MC206,Elective IV,M.Tech CSE,4,4
MC207,Industrial Project,M.Tech CSE,4,3
MC208,Viva Voce,M.Tech CSE,4,3
