student_id,course_code,exam_session,exam_type,internal_marks,external_marks,total_marks,max_marks,result
S1001,CS101,2024-DEC,REGULAR,20,26,46,100,PASS
S1001,CS102,2024-DEC,REGULAR,30,56,86,100,PASS
S1001,CS103,2024-DEC,REGULAR,22,44,66,100,PASS
S1001,CS104,2024-DEC,REGULAR,26,44,70,100,PASS
S1001,CS105,2025-MAY,REGULAR,21,27,48,100,PASS
S1001,CS106,2025-MAY,REGULAR,32,33,65,100,PASS
S1001,CS107,2025-MAY,REGULAR,29,40,69,100,PASS
S1001,CS108,2025-MAY,REGULAR,28,37,65,100,PASS
S1001,CS201,2025-DEC,REGULAR,7,12,19,100,FAIL
S1001,CS201,2026-JAN,SUPPLEMENTARY,28,31,59,100,PASS
S1001,CS202,2025-DEC,REGULAR,23,36,59,100,PASS
S1001,CS203,2025-DEC,REGULAR,39,49,88,100,PASS
S1001,CS204,2025-DEC,REGULAR,32,42,74,100,PASS
S1001,CS205,2026-MAY,REGULAR,24,30,54,100,PASS
S1001,CS206,2026-MAY,REGULAR,34,57,91,100,PASS
S1001,CS207,2026-MAY,REGULAR,26,41,67,100,PASS
S1001,CS208,2026-MAY,REGULAR,18,36,54,100,PASS
S1002,CS101,2024-DEC,REGULAR,24,47,71,100,PASS
S1002,CS102,2024-DEC,REGULAR,26,40,66,100,PASS
S1002,CS103,2024-DEC,REGULAR,32,40,72,100,PASS
S1002,CS104,2024-DEC,REGULAR,24,36,60,100,PASS
S1002,CS105,2025-MAY,REGULAR,13,19,32,100,FAIL
S1002,CS106,2025-MAY,REGULAR,33,36,69,100,PASS
S1002,CS107,2025-MAY,REGULAR,26,38,64,100,PASS
S1002,CS108,2025-MAY,REGULAR,30,36,66,100,PASS
S1002,CS201,2025-DEC,REGULAR,30,38,68,100,PASS
S1002,CS202,2025-DEC,REGULAR,20,38,58,100,PASS
S1002,CS203,2025-DEC,REGULAR,33,37,70,100,PASS
S1002,CS204,2025-DEC,REGULAR,26,43,69,100,PASS
S1002,CS205,2026-MAY,REGULAR,28,31,59,100,PASS
S1002,CS206,2026-MAY,REGULAR,31,56,87,100,PASS
S1002,CS207,2026-MAY,REGULAR,30,49,79,100,PASS
S1002,CS208,2026-MAY,REGULAR,39,49,88,100,PASS
S1003,EC101,2023-DEC,REGULAR,24,42,66,100,PASS
S1003,EC102,2023-DEC,REGULAR,26,22,48,100,PASS
S1003,EC103,2023-DEC,REGULAR,28,46,74,100,PASS
S1003,EC104,2023-DEC,REGULAR,29,41,70,100,PASS
S1003,EC105,2024-MAY,REGULAR,30,22,52,100,PASS
S1003,EC106,2024-MAY,REGULAR,18,41,59,100,PASS
S1003,EC107,2024-MAY,REGULAR,32,35,67,100,PASS
S1003,EC108,2024-MAY,REGULAR,26,37,63,100,PASS
S1003,EC201,2024-DEC,REGULAR,26,47,73,100,PASS
S1003,EC202,2024-DEC,REGULAR,21,30,51,100,PASS
S1003,EC203,2024-DEC,REGULAR,31,41,72,100,PASS
S1003,EC204,2024-DEC,REGULAR,33,42,75,100,PASS
S1003,EC205,2025-MAY,REGULAR,36,38,74,100,PASS
S1003,EC206,2025-MAY,REGULAR,34,30,64,100,PASS
S1003,EC207,2025-MAY,REGULAR,22,37,59,100,PASS
S1003,EC208,2025-MAY,REGULAR,23,49,72,100,PASS
S1003,EC301,2025-DEC,REGULAR,26,43,69,100,PASS
S1003,EC302,2025-DEC,REGULAR,27,47,74,100,PASS
S1003,EC303,2025-DEC,REGULAR,28,37,65,100,PASS
S1003,EC304,2025-DEC,REGULAR,27,56,83,100,PASS
S1003,EC305,2026-MAY,REGULAR,31,41,72,100,PASS
S1003,EC306,2026-MAY,REGULAR,38,41,79,100,PASS
S1003,EC307,2026-MAY,REGULAR,29,45,74,100,PASS
S1003,EC308,2026-MAY,REGULAR,33,56,89,100,PASS
S1004,CS101,2025-DEC,REGULAR,34,50,84,100,PASS
S1004,CS102,2025-DEC,REGULAR,31,55,86,100,PASS
S1004,CS103,2025-DEC,REGULAR,17,23,40,100,PASS
S1004,CS104,2025-DEC,REGULAR,26,48,74,100,PASS
S1004,CS105,2026-MAY,REGULAR,31,41,72,100,PASS
S1004,CS106,2026-MAY,REGULAR,29,44,73,100,PASS
S1004,CS107,2026-MAY,REGULAR,28,49,77,100,PASS
S1004,CS108,2026-MAY,REGULAR,31,32,63,100,PASS
S1005,MC101,2025-DEC,REGULAR,34,37,71,100,PASS
S1005,MC102,2025-DEC,REGULAR,14,20,34,100,FAIL
S1005,MC102,2026-JAN,SUPPLEMENTARY,37,29,66,100,PASS
S1005,MC103,2025-DEC,REGULAR,35,54,89,100,PASS
S1005,MC104,2025-DEC,REGULAR,24,47,71,100,PASS
S1005,MC105,2026-MAY,REGULAR,27,46,73,100,PASS
S1005,MC106,2026-MAY,REGULAR,34,32,66,100,PASS
S1005,MC107,2026-MAY,REGULAR,30,45,75,100,PASS
S1005,MC108,2026-MAY,REGULAR,30,42,72,100,PASS
S1006,CS101,2023-DEC,REGULAR,24,26,50,100,PASS
S1006,CS102,2023-DEC,REGULAR,32,48,80,100,PASS
S1006,CS103,2023-DEC,REGULAR,27,36,63,100,PASS
S1006,CS104,2023-DEC,REGULAR,23,40,63,100,PASS
S1006,CS105,2024-MAY,REGULAR,29,37,66,100,PASS
S1006,CS106,2024-MAY,REGULAR,37,33,70,100,PASS
S1006,CS107,2024-MAY,REGULAR,31,20,51,100,PASS
S1006,CS108,2024-MAY,REGULAR,27,30,57,100,PASS
S1006,CS201,2024-DEC,REGULAR,30,37,67,100,PASS
S1006,CS202,2024-DEC,REGULAR,31,49,80,100,PASS
S1006,CS203,2024-DEC,REGULAR,20,51,71,100,PASS
S1006,CS204,2024-DEC,REGULAR,23,32,55,100,PASS
S1006,CS205,2025-MAY,REGULAR,8,16,24,100,FAIL
S1006,CS206,2025-MAY,REGULAR,25,47,72,100,PASS
S1006,CS207,2025-MAY,REGULAR,24,38,62,100,PASS
S1006,CS208,2025-MAY,REGULAR,34,50,84,100,PASS
S1006,CS301,2025-DEC,REGULAR,31,41,72,100,PASS
S1006,CS302,2025-DEC,REGULAR,34,48,82,100,PASS
S1006,CS303,2025-DEC,REGULAR,33,33,66,100,PASS
S1006,CS304,2025-DEC,REGULAR,29,28,57,100,PASS
S1006,CS305,2026-MAY,REGULAR,27,43,70,100,PASS
S1006,CS306,2026-MAY,REGULAR,8,14,22,100,FAIL
S1006,CS307,2026-MAY,REGULAR,33,40,73,100,PASS
S1006,CS308,2026-MAY,REGULAR,35,26,61,100,PASS
S1007,CS101,2023-DEC,REGULAR,22,34,56,100,PASS
S1007,CS102,2023-DEC,REGULAR,25,52,77,100,PASS
S1007,CS103,2023-DEC,REGULAR,20,29,49,100,PASS
S1007,CS104,2023-DEC,REGULAR,30,55,85,100,PASS
S1007,CS105,2024-MAY,REGULAR,37,46,83,100,PASS
S1007,CS106,2024-JUL,SUPPLEMENTARY,35,43,78,100,PASS
S1007,CS106,2024-MAY,REGULAR,10,16,26,100,FAIL
S1007,CS107,2024-MAY,REGULAR,16,30,46,100,PASS
S1007,CS108,2024-MAY,REGULAR,27,36,63,100,PASS
S1007,CS201,2024-DEC,REGULAR,37,46,83,100,PASS
S1007,CS202,2024-DEC,REGULAR,21,32,53,100,PASS
S1007,CS203,2024-DEC,REGULAR,31,45,76,100,PASS
S1007,CS204,2024-DEC,REGULAR,9,15,24,100,FAIL
S1007,CS204,2025-JAN,SUPPLEMENTARY,15,20,35,100,FAIL
S1007,CS204,2025-JUL,SUPPLEMENTARY,13,24,37,100,FAIL
S1007,CS205,2025-MAY,REGULAR,37,47,84,100,PASS
S1007,CS206,2025-MAY,REGULAR,32,53,85,100,PASS
S1007,CS207,2025-MAY,REGULAR,29,42,71,100,PASS
S1007,CS208,2025-MAY,REGULAR,36,34,70,100,PASS
S1007,CS301,2025-DEC,REGULAR,8,15,23,100,FAIL
S1007,CS302,2025-DEC,REGULAR,29,49,78,100,PASS
S1007,CS303,2025-DEC,REGULAR,25,45,70,100,PASS
S1007,CS304,2025-DEC,REGULAR,19,45,64,100,PASS
S1007,CS305,2026-MAY,REGULAR,30,30,60,100,PASS
S1007,CS306,2026-MAY,REGULAR,24,44,68,100,PASS
S1007,CS307,2026-MAY,REGULAR,32,35,67,100,PASS
S1007,CS308,2026-MAY,REGULAR,30,47,77,100,PASS
S1008,CS101,2024-DEC,REGULAR,33,34,67,100,PASS
S1008,CS102,2024-DEC,REGULAR,17,50,67,100,PASS
S1008,CS103,2024-DEC,REGULAR,31,31,62,100,PASS
S1008,CS104,2024-DEC,REGULAR,31,50,81,100,PASS
S1008,CS105,2025-JUL,SUPPLEMENTARY,22,44,66,100,PASS
S1008,CS105,2025-MAY,REGULAR,12,18,30,100,FAIL
S1008,CS106,2025-MAY,REGULAR,33,41,74,100,PASS
S1008,CS107,2025-MAY,REGULAR,27,38,65,100,PASS
S1008,CS108,2025-MAY,REGULAR,20,58,78,100,PASS
S1008,CS201,2025-DEC,REGULAR,26,58,84,100,PASS
S1008,CS202,2025-DEC,REGULAR,31,45,76,100,PASS
S1008,CS203,2025-DEC,REGULAR,28,49,77,100,PASS
S1008,CS204,2025-DEC,REGULAR,29,37,66,100,PASS
S1008,CS205,2026-MAY,REGULAR,35,34,69,100,PASS
S1008,CS206,2026-MAY,REGULAR,24,51,75,100,PASS
S1008,CS207,2026-MAY,REGULAR,27,49,76,100,PASS
S1008,CS208,2026-MAY,REGULAR,21,40,61,100,PASS
S1009,CS101,2025-DEC,REGULAR,14,25,39,100,FAIL
S1009,CS101,2026-JAN,SUPPLEMENTARY,7,12,19,100,FAIL
S1009,CS102,2025-DEC,REGULAR,33,49,82,100,PASS
S1009,CS103,2025-DEC,REGULAR,29,48,77,100,PASS
S1009,CS104,2025-DEC,REGULAR,24,31,55,100,PASS
S1009,CS105,2026-MAY,REGULAR,25,37,62,100,PASS
S1009,CS106,2026-MAY,REGULAR,28,52,80,100,PASS
S1009,CS107,2026-MAY,REGULAR,18,40,58,100,PASS
S1009,CS108,2026-MAY,REGULAR,21,39,60,100,PASS
S1010,CS101,2024-DEC,REGULAR,33,46,79,100,PASS
S1010,CS102,2024-DEC,REGULAR,28,49,77,100,PASS
S1010,CS103,2024-DEC,REGULAR,29,42,71,100,PASS
S1010,CS104,2024-DEC,REGULAR,32,24,56,100,PASS
S1010,CS105,2025-MAY,REGULAR,24,39,63,100,PASS
S1010,CS106,2025-MAY,REGULAR,28,45,73,100,PASS
S1010,CS107,2025-MAY,REGULAR,23,40,63,100,PASS
S1010,CS108,2025-MAY,REGULAR,20,47,67,100,PASS
S1010,CS201,2025-DEC,REGULAR,25,42,67,100,PASS
S1010,CS202,2025-DEC,REGULAR,26,41,67,100,PASS
S1010,CS203,2025-DEC,REGULAR,33,45,78,100,PASS
S1010,CS204,2025-DEC,REGULAR,18,41,59,100,PASS
S1010,CS205,2026-MAY,REGULAR,28,55,83,100,PASS
S1010,CS206,2026-MAY,REGULAR,30,40,70,100,PASS
S1010,CS207,2026-MAY,REGULAR,28,33,61,100,PASS
S1010,CS208,2026-MAY,REGULAR,32,36,68,100,PASS
S1011,CS101,2025-DEC,REGULAR,14,22,36,100,FAIL
S1011,CS102,2025-DEC,REGULAR,28,58,86,100,PASS
S1011,CS103,2025-DEC,REGULAR,30,45,75,100,PASS
S1011,CS104,2025-DEC,REGULAR,31,24,55,100,PASS
S1011,CS105,2026-MAY,REGULAR,32,37,69,100,PASS
S1011,CS106,2026-MAY,REGULAR,40,42,82,100,PASS
S1011,CS107,2026-MAY,REGULAR,27,45,72,100,PASS
S1011,CS108,2026-MAY,REGULAR,24,39,63,100,PASS
S1012,CS101,2024-DEC,REGULAR,25,29,54,100,PASS
S1012,CS102,2024-DEC,REGULAR,39,51,90,100,PASS
S1012,CS103,2024-DEC,REGULAR,32,40,72,100,PASS
S1012,CS104,2024-DEC,REGULAR,38,28,66,100,PASS
S1012,CS105,2025-MAY,REGULAR,26,60,86,100,PASS
S1012,CS106,2025-MAY,REGULAR,32,47,79,100,PASS
S1012,CS107,2025-MAY,REGULAR,34,35,69,100,PASS
S1012,CS108,2025-MAY,REGULAR,28,59,87,100,PASS
S1012,CS201,2025-DEC,REGULAR,32,55,87,100,PASS
S1012,CS202,2025-DEC,REGULAR,35,33,68,100,PASS
S1012,CS203,2025-DEC,REGULAR,7,16,23,100,FAIL
S1012,CS204,2025-DEC,REGULAR,20,47,67,100,PASS
S1012,CS205,2026-MAY,REGULAR,15,23,38,100,FAIL
S1012,CS206,2026-MAY,REGULAR,27,35,62,100,PASS
S1012,CS207,2026-MAY,REGULAR,34,28,62,100,PASS
S1012,CS208,2026-MAY,REGULAR,23,43,66,100,PASS
S1013,CS101,2024-DEC,REGULAR,6,13,19,100,FAIL
S1013,CS101,2025-JAN,SUPPLEMENTARY,12,24,36,100,FAIL
S1013,CS102,2024-DEC,REGULAR,34,32,66,100,PASS
S1013,CS103,2024-DEC,REGULAR,31,38,69,100,PASS
S1013,CS104,2024-DEC,REGULAR,26,40,66,100,PASS
S1013,CS105,2025-MAY,REGULAR,36,35,71,100,PASS
S1013,CS106,2025-MAY,REGULAR,25,44,69,100,PASS
S1013,CS107,2025-MAY,REGULAR,33,34,67,100,PASS
S1013,CS108,2025-MAY,REGULAR,27,45,72,100,PASS
S1013,CS201,2025-DEC,REGULAR,22,46,68,100,PASS
S1013,CS202,2025-DEC,REGULAR,26,56,82,100,PASS
S1013,CS203,2025-DEC,REGULAR,30,44,74,100,PASS
S1013,CS204,2025-DEC,REGULAR,31,27,58,100,PASS
S1013,CS205,2026-MAY,REGULAR,25,58,83,100,PASS
S1013,CS206,2026-MAY,REGULAR,29,49,78,100,PASS
S1013,CS207,2026-MAY,REGULAR,28,41,69,100,PASS
S1013,CS208,2026-MAY,REGULAR,24,48,72,100,PASS
S1014,CS101,2025-DEC,REGULAR,28,26,54,100,PASS
S1014,CS102,2025-DEC,REGULAR,29,58,87,100,PASS
S1014,CS103,2025-DEC,REGULAR,29,57,86,100,PASS
S1014,CS104,2025-DEC,REGULAR,31,44,75,100,PASS
S1014,CS105,2026-MAY,REGULAR,24,30,54,100,PASS
S1014,CS106,2026-MAY,REGULAR,22,50,72,100,PASS
S1014,CS107,2026-MAY,REGULAR,27,27,54,100,PASS
S1014,CS108,2026-MAY,REGULAR,30,42,72,100,PASS
S1015,CS101,2023-DEC,REGULAR,29,26,55,100,PASS
S1015,CS102,2023-DEC,REGULAR,26,42,68,100,PASS
S1015,CS103,2023-DEC,REGULAR,25,40,65,100,PASS
S1015,CS104,2023-DEC,REGULAR,33,19,52,100,PASS
S1015,CS105,2024-MAY,REGULAR,29,43,72,100,PASS
S1015,CS106,2024-MAY,REGULAR,29,39,68,100,PASS
S1015,CS107,2024-MAY,REGULAR,36,38,74,100,PASS
S1015,CS108,2024-MAY,REGULAR,35,37,72,100,PASS
S1015,CS201,2024-DEC,REGULAR,28,36,64,100,PASS
S1015,CS202,2024-DEC,REGULAR,28,24,52,100,PASS
S1015,CS203,2024-DEC,REGULAR,33,45,78,100,PASS
S1015,CS204,2024-DEC,REGULAR,17,34,51,100,PASS
S1015,CS205,2025-MAY,REGULAR,27,38,65,100,PASS
S1015,CS206,2025-MAY,REGULAR,29,27,56,100,PASS
S1015,CS207,2025-MAY,REGULAR,25,33,58,100,PASS
S1015,CS208,2025-MAY,REGULAR,30,42,72,100,PASS
S1015,CS301,2025-DEC,REGULAR,28,40,68,100,PASS
S1015,CS302,2025-DEC,REGULAR,12,19,31,100,FAIL
S1015,CS302,2026-JAN,SUPPLEMENTARY,28,39,67,100,PASS
S1015,CS303,2025-DEC,REGULAR,38,54,92,100,PASS
S1015,CS304,2025-DEC,REGULAR,7,15,22,100,FAIL
S1015,CS305,2026-MAY,REGULAR,19,58,77,100,PASS
S1015,CS306,2026-MAY,REGULAR,28,39,67,100,PASS
S1015,CS307,2026-MAY,REGULAR,34,8,42,100,PASS
S1015,CS308,2026-MAY,REGULAR,28,52,80,100,PASS
S1016,CS101,2024-DEC,REGULAR,11,26,37,100,FAIL
S1016,CS102,2024-DEC,REGULAR,31,47,78,100,PASS
S1016,CS103,2024-DEC,REGULAR,27,43,70,100,PASS
S1016,CS104,2024-DEC,REGULAR,22,45,67,100,PASS
S1016,CS105,2025-MAY,REGULAR,30,50,80,100,PASS
S1016,CS106,2025-MAY,REGULAR,36,49,85,100,PASS
S1016,CS107,2025-MAY,REGULAR,20,24,44,100,PASS
S1016,CS108,2025-MAY,REGULAR,26,59,85,100,PASS
S1016,CS201,2025-DEC,REGULAR,14,46,60,100,PASS
S1016,CS202,2025-DEC,REGULAR,31,53,84,100,PASS
S1016,CS203,2025-DEC,REGULAR,31,55,86,100,PASS
S1016,CS204,2025-DEC,REGULAR,23,33,56,100,PASS
S1016,CS205,2026-MAY,REGULAR,32,53,85,100,PASS
S1016,CS206,2026-MAY,REGULAR,25,52,77,100,PASS
S1016,CS207,2026-MAY,REGULAR,22,42,64,100,PASS
S1016,CS208,2026-MAY,REGULAR,27,33,60,100,PASS
S1017,CS101,2024-DEC,REGULAR,20,43,63,100,PASS
S1017,CS102,2024-DEC,REGULAR,29,52,81,100,PASS
S1017,CS103,2024-DEC,REGULAR,27,55,82,100,PASS
S1017,CS104,2024-DEC,REGULAR,23,60,83,100,PASS
S1017,CS105,2025-MAY,REGULAR,24,41,65,100,PASS
S1017,CS106,2025-MAY,REGULAR,22,29,51,100,PASS
S1017,CS107,2025-MAY,REGULAR,25,41,66,100,PASS
S1017,CS108,2025-MAY,REGULAR,27,47,74,100,PASS
S1017,CS201,2025-DEC,REGULAR,34,48,82,100,PASS
S1017,CS202,2025-DEC,REGULAR,28,38,66,100,PASS
S1017,CS203,2025-DEC,REGULAR,29,53,82,100,PASS
S1017,CS204,2025-DEC,REGULAR,39,54,93,100,PASS
S1017,CS205,2026-MAY,REGULAR,25,39,64,100,PASS
S1017,CS206,2026-MAY,REGULAR,27,44,71,100,PASS
S1017,CS207,2026-MAY,REGULAR,28,28,56,100,PASS
S1017,CS208,2026-MAY,REGULAR,27,29,56,100,PASS
S1018,CS101,2023-DEC,REGULAR,25,34,59,100,PASS
S1018,CS102,2023-DEC,REGULAR,32,30,62,100,PASS
S1018,CS103,2023-DEC,REGULAR,29,31,60,100,PASS
S1018,CS104,2023-DEC,REGULAR,31,46,77,100,PASS
S1018,CS105,2024-MAY,REGULAR,35,31,66,100,PASS
S1018,CS106,2024-MAY,REGULAR,34,42,76,100,PASS
S1018,CS107,2024-MAY,REGULAR,25,42,67,100,PASS
S1018,CS108,2024-MAY,REGULAR,22,53,75,100,PASS
S1018,CS201,2024-DEC,REGULAR,25,36,61,100,PASS
S1018,CS202,2024-DEC,REGULAR,28,35,63,100,PASS
S1018,CS203,2024-DEC,REGULAR,26,52,78,100,PASS
S1018,CS204,2024-DEC,REGULAR,27,37,64,100,PASS
S1018,CS205,2025-MAY,REGULAR,22,23,45,100,PASS
S1018,CS206,2025-MAY,REGULAR,22,30,52,100,PASS
S1018,CS207,2025-MAY,REGULAR,28,41,69,100,PASS
S1018,CS208,2025-MAY,REGULAR,30,11,41,100,PASS
S1018,CS301,2025-DEC,REGULAR,39,33,72,100,PASS
S1018,CS302,2025-DEC,REGULAR,24,39,63,100,PASS
S1018,CS303,2025-DEC,REGULAR,22,30,52,100,PASS
S1018,CS304,2025-DEC,REGULAR,24,29,53,100,PASS
S1018,CS305,2026-MAY,REGULAR,37,40,77,100,PASS
S1018,CS306,2026-MAY,REGULAR,27,51,78,100,PASS
S1018,CS307,2026-MAY,REGULAR,31,31,62,100,PASS
S1018,CS308,2026-MAY,REGULAR,32,40,72,100,PASS
S1019,CS101,2023-DEC,REGULAR,30,29,59,100,PASS
S1019,CS102,2023-DEC,REGULAR,15,20,35,100,FAIL
S1019,CS102,2024-JAN,SUPPLEMENTARY,30,51,81,100,PASS
S1019,CS103,2023-DEC,REGULAR,21,57,78,100,PASS
S1019,CS104,2023-DEC,REGULAR,31,57,88,100,PASS
S1019,CS105,2024-MAY,REGULAR,35,30,65,100,PASS
S1019,CS106,2024-MAY,REGULAR,31,45,76,100,PASS
S1019,CS107,2024-MAY,REGULAR,36,42,78,100,PASS
S1019,CS108,2024-MAY,REGULAR,24,46,70,100,PASS
S1019,CS201,2024-DEC,REGULAR,32,41,73,100,PASS
S1019,CS202,2024-DEC,REGULAR,33,42,75,100,PASS
S1019,CS203,2024-DEC,REGULAR,30,39,69,100,PASS
S1019,CS204,2024-DEC,REGULAR,22,36,58,100,PASS
S1019,CS205,2025-MAY,REGULAR,19,33,52,100,PASS
S1019,CS206,2025-MAY,REGULAR,25,36,61,100,PASS
S1019,CS207,2025-MAY,REGULAR,26,41,67,100,PASS
S1019,CS208,2025-MAY,REGULAR,19,35,54,100,PASS
S1019,CS301,2025-DEC,REGULAR,27,48,75,100,PASS
S1019,CS302,2025-DEC,REGULAR,30,40,70,100,PASS
S1019,CS303,2025-DEC,REGULAR,24,38,62,100,PASS
S1019,CS304,2025-DEC,REGULAR,26,38,64,100,PASS
S1019,CS305,2026-JUL,SUPPLEMENTARY,9,19,28,100,FAIL
S1019,CS305,2026-MAY,REGULAR,8,17,25,100,FAIL
S1019,CS306,2026-MAY,REGULAR,22,40,62,100,PASS
S1019,CS307,2026-MAY,REGULAR,27,45,72,100,PASS
S1019,CS308,2026-MAY,REGULAR,40,33,73,100,PASS
S1020,EC101,2023-DEC,REGULAR,29,43,72,100,PASS
S1020,EC102,2023-DEC,REGULAR,33,40,73,100,PASS
S1020,EC103,2023-DEC,REGULAR,22,30,52,100,PASS
S1020,EC104,2023-DEC,REGULAR,25,26,51,100,PASS
S1020,EC105,2024-JUL,SUPPLEMENTARY,6,14,20,100,FAIL
S1020,EC105,2024-MAY,REGULAR,10,17,27,100,FAIL
S1020,EC106,2024-MAY,REGULAR,30,35,65,100,PASS
S1020,EC107,2024-MAY,REGULAR,22,47,69,100,PASS
S1020,EC108,2024-MAY,REGULAR,36,41,77,100,PASS
S1020,EC201,2024-DEC,REGULAR,31,43,74,100,PASS
S1020,EC202,2024-DEC,REGULAR,36,54,90,100,PASS
S1020,EC203,2024-DEC,REGULAR,27,51,78,100,PASS
S1020,EC204,2024-DEC,REGULAR,26,56,82,100,PASS
S1020,EC205,2025-MAY,REGULAR,32,41,73,100,PASS
S1020,EC206,2025-MAY,REGULAR,39,36,75,100,PASS
S1020,EC207,2025-MAY,REGULAR,26,38,64,100,PASS
S1020,EC208,2025-MAY,REGULAR,25,29,54,100,PASS
S1020,EC301,2025-DEC,REGULAR,34,56,90,100,PASS
S1020,EC302,2025-DEC,REGULAR,34,49,83,100,PASS
S1020,EC303,2025-DEC,REGULAR,31,37,68,100,PASS
S1020,EC304,2025-DEC,REGULAR,36,31,67,100,PASS
S1020,EC305,2026-MAY,REGULAR,26,41,67,100,PASS
S1020,EC306,2026-MAY,REGULAR,24,52,76,100,PASS
S1020,EC307,2026-MAY,REGULAR,25,42,67,100,PASS
S1020,EC308,2026-MAY,REGULAR,38,24,62,100,PASS
S1021,CS101,2025-DEC,REGULAR,36,41,77,100,PASS
S1021,CS102,2025-DEC,REGULAR,7,17,24,100,FAIL
S1021,CS102,2026-JAN,SUPPLEMENTARY,11,17,28,100,FAIL
S1021,CS103,2025-DEC,REGULAR,25,33,58,100,PASS
S1021,CS104,2025-DEC,REGULAR,28,33,61,100,PASS
S1021,CS105,2026-MAY,REGULAR,35,47,82,100,PASS
S1021,CS106,2026-MAY,REGULAR,29,49,78,100,PASS
S1021,CS107,2026-MAY,REGULAR,25,30,55,100,PASS
S1021,CS108,2026-MAY,REGULAR,21,48,69,100,PASS
S1022,CS101,2024-DEC,REGULAR,34,28,62,100,PASS
S1022,CS102,2024-DEC,REGULAR,32,44,76,100,PASS
S1022,CS103,2024-DEC,REGULAR,22,34,56,100,PASS
S1022,CS104,2024-DEC,REGULAR,26,48,74,100,PASS
S1022,CS105,2025-MAY,REGULAR,28,33,61,100,PASS
S1022,CS106,2025-MAY,REGULAR,26,51,77,100,PASS
S1022,CS107,2025-MAY,REGULAR,34,39,73,100,PASS
S1022,CS108,2025-MAY,REGULAR,31,45,76,100,PASS
S1022,CS201,2025-DEC,REGULAR,27,52,79,100,PASS
S1022,CS202,2025-DEC,REGULAR,30,29,59,100,PASS
S1022,CS203,2025-DEC,REGULAR,22,38,60,100,PASS
S1022,CS204,2025-DEC,REGULAR,27,29,56,100,PASS
S1022,CS205,2026-JUL,SUPPLEMENTARY,23,50,73,100,PASS
S1022,CS205,2026-MAY,REGULAR,11,20,31,100,FAIL
S1022,CS206,2026-MAY,REGULAR,38,44,82,100,PASS
S1022,CS207,2026-MAY,REGULAR,27,30,57,100,PASS
S1022,CS208,2026-MAY,REGULAR,31,56,87,100,PASS
S1024,EC101,2025-DEC,REGULAR,33,43,76,100,PASS
S1024,EC102,2025-DEC,REGULAR,37,47,84,100,PASS
S1024,EC103,2025-DEC,REGULAR,25,16,41,100,PASS
S1024,EC104,2025-DEC,REGULAR,29,56,85,100,PASS
S1024,EC105,2026-MAY,REGULAR,36,45,81,100,PASS
S1024,EC106,2026-MAY,REGULAR,26,40,66,100,PASS
S1024,EC107,2026-MAY,REGULAR,26,41,67,100,PASS
S1024,EC108,2026-MAY,REGULAR,35,55,90,100,PASS
S1025,CS101,2024-DEC,REGULAR,30,37,67,100,PASS
S1025,CS102,2024-DEC,REGULAR,29,38,67,100,PASS
S1025,CS103,2024-DEC,REGULAR,29,27,56,100,PASS
S1025,CS104,2024-DEC,REGULAR,38,37,75,100,PASS
S1025,CS105,2025-MAY,REGULAR,23,38,61,100,PASS
S1025,CS106,2025-MAY,REGULAR,28,58,86,100,PASS
S1025,CS107,2025-MAY,REGULAR,33,39,72,100,PASS
S1025,CS108,2025-MAY,REGULAR,32,47,79,100,PASS
S1025,CS201,2025-DEC,REGULAR,30,25,55,100,PASS
S1025,CS202,2025-DEC,REGULAR,34,37,71,100,PASS
S1025,CS203,2025-DEC,REGULAR,30,44,74,100,PASS
S1025,CS204,2025-DEC,REGULAR,12,20,32,100,FAIL
S1025,CS204,2026-JAN,SUPPLEMENTARY,12,25,37,100,FAIL
S1025,CS205,2026-MAY,REGULAR,26,52,78,100,PASS
S1025,CS206,2026-MAY,REGULAR,22,51,73,100,PASS
S1025,CS207,2026-MAY,REGULAR,37,39,76,100,PASS
S1025,CS208,2026-MAY,REGULAR,31,29,60,100,PASS
S1026,CS101,2025-DEC,REGULAR,30,49,79,100,PASS
S1026,CS102,2025-DEC,REGULAR,20,37,57,100,PASS
S1026,CS103,2025-DEC,REGULAR,28,36,64,100,PASS
S1026,CS104,2025-DEC,REGULAR,26,25,51,100,PASS
S1026,CS105,2026-MAY,REGULAR,24,31,55,100,PASS
S1026,CS106,2026-MAY,REGULAR,26,55,81,100,PASS
S1026,CS107,2026-MAY,REGULAR,23,51,74,100,PASS
S1026,CS108,2026-MAY,REGULAR,30,48,78,100,PASS
S1027,CS101,2025-DEC,REGULAR,24,54,78,100,PASS
S1027,CS102,2025-DEC,REGULAR,33,48,81,100,PASS
S1027,CS103,2025-DEC,REGULAR,28,35,63,100,PASS
S1027,CS104,2025-DEC,REGULAR,32,43,75,100,PASS
S1027,CS105,2026-MAY,REGULAR,30,40,70,100,PASS
S1027,CS106,2026-MAY,REGULAR,26,43,69,100,PASS
S1027,CS107,2026-MAY,REGULAR,31,43,74,100,PASS
S1027,CS108,2026-MAY,REGULAR,23,28,51,100,PASS
S1028,EC101,2023-DEC,REGULAR,32,31,63,100,PASS
S1028,EC102,2023-DEC,REGULAR,33,53,86,100,PASS
S1028,EC103,2023-DEC,REGULAR,9,20,29,100,FAIL
S1028,EC103,2024-JAN,SUPPLEMENTARY,12,17,29,100,FAIL
S1028,EC104,2023-DEC,REGULAR,29,51,80,100,PASS
S1028,EC105,2024-MAY,REGULAR,36,35,71,100,PASS
S1028,EC106,2024-MAY,REGULAR,28,22,50,100,PASS
S1028,EC107,2024-MAY,REGULAR,35,38,73,100,PASS
S1028,EC108,2024-MAY,REGULAR,34,49,83,100,PASS
S1028,EC201,2024-DEC,REGULAR,27,45,72,100,PASS
S1028,EC202,2024-DEC,REGULAR,25,54,79,100,PASS
S1028,EC203,2024-DEC,REGULAR,18,42,60,100,PASS
S1028,EC204,2024-DEC,REGULAR,31,41,72,100,PASS
S1028,EC205,2025-MAY,REGULAR,20,47,67,100,PASS
S1028,EC206,2025-JUL,SUPPLEMENTARY,10,14,24,100,FAIL
S1028,EC206,2025-MAY,REGULAR,7,12,19,100,FAIL
S1028,EC207,2025-MAY,REGULAR,37,50,87,100,PASS
S1028,EC208,2025-MAY,REGULAR,25,41,66,100,PASS
S1028,EC301,2025-DEC,REGULAR,17,31,48,100,PASS
S1028,EC302,2025-DEC,REGULAR,32,25,57,100,PASS
S1028,EC303,2025-DEC,REGULAR,33,32,65,100,PASS
S1028,EC304,2025-DEC,REGULAR,30,40,70,100,PASS
S1028,EC305,2026-MAY,REGULAR,26,51,77,100,PASS
S1028,EC306,2026-MAY,REGULAR,33,60,93,100,PASS
S1028,EC307,2026-MAY,REGULAR,23,35,58,100,PASS
S1028,EC308,2026-MAY,REGULAR,30,42,72,100,PASS
S1031,MC101,2025-DEC,REGULAR,29,38,67,100,PASS
S1031,MC102,2025-DEC,REGULAR,28,51,79,100,PASS
S1031,MC103,2025-DEC,REGULAR,20,45,65,100,PASS
S1031,MC104,2025-DEC,REGULAR,8,17,25,100,FAIL
S1031,MC105,2026-MAY,REGULAR,27,48,75,100,PASS
S1031,MC106,2026-MAY,REGULAR,32,44,76,100,PASS
S1031,MC107,2026-MAY,REGULAR,28,36,64,100,PASS
S1031,MC108,2026-MAY,REGULAR,28,49,77,100,PASS
S1034,CS101,2025-DEC,REGULAR,40,43,83,100,PASS
S1034,CS102,2025-DEC,REGULAR,27,48,75,100,PASS
S1034,CS103,2025-DEC,REGULAR,30,45,75,100,PASS
S1034,CS104,2025-DEC,REGULAR,19,46,65,100,PASS
S1034,CS105,2026-MAY,REGULAR,35,38,73,100,PASS
S1034,CS106,2026-MAY,REGULAR,31,41,72,100,PASS
S1034,CS107,2026-MAY,REGULAR,21,47,68,100,PASS
S1034,CS108,2026-MAY,REGULAR,29,53,82,100,PASS
S1035,EC101,2025-DEC,REGULAR,29,31,60,100,PASS
S1035,EC102,2025-DEC,REGULAR,26,42,68,100,PASS
S1035,EC103,2025-DEC,REGULAR,30,45,75,100,PASS
S1035,EC104,2025-DEC,REGULAR,28,31,59,100,PASS
S1035,EC105,2026-MAY,REGULAR,29,55,84,100,PASS
S1035,EC106,2026-MAY,REGULAR,21,51,72,100,PASS
S1035,EC107,2026-MAY,REGULAR,22,51,73,100,PASS
S1035,EC108,2026-MAY,REGULAR,23,50,73,100,PASS
S1038,CS101,2023-DEC,REGULAR,37,33,70,100,PASS
S1038,CS102,2023-DEC,REGULAR,36,44,80,100,PASS
S1038,CS103,2023-DEC,REGULAR,27,42,69,100,PASS
S1038,CS104,2023-DEC,REGULAR,27,26,53,100,PASS
S1038,CS105,2024-MAY,REGULAR,28,29,57,100,PASS
S1038,CS106,2024-MAY,REGULAR,34,40,74,100,PASS
S1038,CS107,2024-MAY,REGULAR,36,45,81,100,PASS
S1038,CS108,2024-MAY,REGULAR,33,36,69,100,PASS
S1038,CS201,2024-DEC,REGULAR,24,51,75,100,PASS
S1038,CS202,2024-DEC,REGULAR,28,42,70,100,PASS
S1038,CS203,2024-DEC,REGULAR,35,46,81,100,PASS
S1038,CS204,2024-DEC,REGULAR,32,39,71,100,PASS
S1038,CS205,2025-MAY,REGULAR,23,38,61,100,PASS
S1038,CS206,2025-MAY,REGULAR,38,43,81,100,PASS
S1038,CS207,2025-MAY,REGULAR,26,32,58,100,PASS
S1038,CS208,2025-MAY,REGULAR,22,53,75,100,PASS
S1038,CS301,2025-DEC,REGULAR,35,24,59,100,PASS
S1038,CS302,2025-DEC,REGULAR,33,34,67,100,PASS
S1038,CS303,2025-DEC,REGULAR,21,54,75,100,PASS
S1038,CS304,2025-DEC,REGULAR,29,30,59,100,PASS
S1038,CS305,2026-MAY,REGULAR,26,41,67,100,PASS
S1038,CS306,2026-MAY,REGULAR,40,43,83,100,PASS
S1038,CS307,2026-MAY,REGULAR,22,43,65,100,PASS
S1038,CS308,2026-MAY,REGULAR,30,38,68,100,PASS
S1039,CS101,2025-DEC,REGULAR,40,32,72,100,PASS
S1039,CS102,2025-DEC,REGULAR,29,38,67,100,PASS
S1039,CS103,2025-DEC,REGULAR,21,37,58,100,PASS
S1039,CS104,2025-DEC,REGULAR,32,60,92,100,PASS
S1039,CS105,2026-MAY,REGULAR,29,42,71,100,PASS
S1039,CS106,2026-MAY,REGULAR,27,32,59,100,PASS
S1039,CS107,2026-MAY,REGULAR,33,34,67,100,PASS
S1039,CS108,2026-MAY,REGULAR,28,31,59,100,PASS
S1043,CS101,2025-DEC,REGULAR,21,36,57,100,PASS
S1043,CS102,2025-DEC,REGULAR,26,37,63,100,PASS
S1043,CS103,2025-DEC,REGULAR,28,41,69,100,PASS
S1043,CS104,2025-DEC,REGULAR,11,21,32,100,FAIL
S1043,CS105,2026-MAY,REGULAR,15,20,35,100,FAIL
S1043,CS106,2026-MAY,REGULAR,19,42,61,100,PASS
S1043,CS107,2026-MAY,REGULAR,31,57,88,100,PASS
S1043,CS108,2026-MAY,REGULAR,31,43,74,100,PASS
S1045,CS101,2023-DEC,REGULAR,34,53,87,100,PASS
S1045,CS102,2023-DEC,REGULAR,19,54,73,100,PASS
S1045,CS103,2023-DEC,REGULAR,19,53,72,100,PASS
S1045,CS104,2023-DEC,REGULAR,30,54,84,100,PASS
S1045,CS105,2024-MAY,REGULAR,25,21,46,100,PASS
S1045,CS106,2024-MAY,REGULAR,32,50,82,100,PASS
S1045,CS107,2024-MAY,REGULAR,33,41,74,100,PASS
S1045,CS108,2024-MAY,REGULAR,28,39,67,100,PASS
S1045,CS201,2024-DEC,REGULAR,28,45,73,100,PASS
S1045,CS202,2024-DEC,REGULAR,22,35,57,100,PASS
S1045,CS203,2024-DEC,REGULAR,26,45,71,100,PASS
S1045,CS204,2024-DEC,REGULAR,14,20,34,100,FAIL
S1045,CS205,2025-MAY,REGULAR,30,26,56,100,PASS
S1045,CS206,2025-MAY,REGULAR,24,48,72,100,PASS
S1045,CS207,2025-MAY,REGULAR,27,39,66,100,PASS
S1045,CS208,2025-MAY,REGULAR,23,43,66,100,PASS
S1045,CS301,2025-DEC,REGULAR,29,48,77,100,PASS
S1045,CS302,2025-DEC,REGULAR,29,42,71,100,PASS
S1045,CS303,2025-DEC,REGULAR,25,50,75,100,PASS
S1045,CS304,2025-DEC,REGULAR,32,41,73,100,PASS
S1045,CS305,2026-MAY,REGULAR,24,36,60,100,PASS
S1045,CS306,2026-MAY,REGULAR,28,37,65,100,PASS
S1045,CS307,2026-MAY,REGULAR,31,33,64,100,PASS
S1045,CS308,2026-MAY,REGULAR,30,55,85,100,PASS
S1046,MC101,2025-DEC,REGULAR,10,17,27,100,FAIL
S1046,MC102,2025-DEC,REGULAR,26,41,67,100,PASS
S1046,MC103,2025-DEC,REGULAR,31,42,73,100,PASS
S1046,MC104,2025-DEC,REGULAR,26,42,68,100,PASS
S1046,MC105,2026-MAY,REGULAR,17,40,57,100,PASS
S1046,MC106,2026-MAY,REGULAR,29,25,54,100,PASS
S1046,MC107,2026-MAY,REGULAR,26,37,63,100,PASS
S1046,MC108,2026-MAY,REGULAR,11,24,35,100,FAIL
S1048,CS101,2024-DEC,REGULAR,22,50,72,100,PASS
S1048,CS102,2024-DEC,REGULAR,29,30,59,100,PASS
S1048,CS103,2024-DEC,REGULAR,35,38,73,100,PASS
S1048,CS104,2024-DEC,REGULAR,28,58,86,100,PASS
S1048,CS105,2025-MAY,REGULAR,34,38,72,100,PASS
S1048,CS106,2025-MAY,REGULAR,28,32,60,100,PASS
S1048,CS107,2025-MAY,REGULAR,30,47,77,100,PASS
S1048,CS108,2025-MAY,REGULAR,30,41,71,100,PASS
S1048,CS201,2025-DEC,REGULAR,31,34,65,100,PASS
S1048,CS202,2025-DEC,REGULAR,12,24,36,100,FAIL
S1048,CS203,2025-DEC,REGULAR,18,32,50,100,PASS
S1048,CS204,2025-DEC,REGULAR,39,45,84,100,PASS
S1048,CS205,2026-JUL,SUPPLEMENTARY,35,45,80,100,PASS
S1048,CS205,2026-MAY,REGULAR,9,22,31,100,FAIL
S1048,CS206,2026-MAY,REGULAR,35,34,69,100,PASS
S1048,CS207,2026-MAY,REGULAR,28,27,55,100,PASS
S1048,CS208,2026-MAY,REGULAR,22,32,54,100,PASS
S1049,CS101,2023-DEC,REGULAR,23,24,47,100,PASS
S1049,CS102,2023-DEC,REGULAR,29,35,64,100,PASS
S1049,CS103,2023-DEC,REGULAR,18,45,63,100,PASS
S1049,CS104,2023-DEC,REGULAR,24,43,67,100,PASS
S1049,CS105,2024-MAY,REGULAR,16,47,63,100,PASS
S1049,CS106,2024-MAY,REGULAR,23,37,60,100,PASS
S1049,CS107,2024-MAY,REGULAR,29,53,82,100,PASS
S1049,CS108,2024-MAY,REGULAR,31,54,85,100,PASS
S1049,CS201,2024-DEC,REGULAR,29,47,76,100,PASS
S1049,CS202,2024-DEC,REGULAR,21,52,73,100,PASS
S1049,CS203,2024-DEC,REGULAR,30,52,82,100,PASS
S1049,CS204,2024-DEC,REGULAR,32,47,79,100,PASS
S1049,CS205,2025-MAY,REGULAR,17,35,52,100,PASS
S1049,CS206,2025-MAY,REGULAR,31,51,82,100,PASS
S1049,CS207,2025-MAY,REGULAR,30,37,67,100,PASS
S1049,CS208,2025-MAY,REGULAR,30,43,73,100,PASS
S1049,CS301,2025-DEC,REGULAR,33,45,78,100,PASS
S1049,CS302,2025-DEC,REGULAR,10,16,26,100,FAIL
S1049,CS302,2026-JAN,SUPPLEMENTARY,29,42,71,100,PASS
S1049,CS303,2025-DEC,REGULAR,19,54,73,100,PASS
S1049,CS304,2025-DEC,REGULAR,26,25,51,100,PASS
S1049,CS305,2026-MAY,REGULAR,24,37,61,100,PASS
S1049,CS306,2026-MAY,REGULAR,31,41,72,100,PASS
S1049,CS307,2026-MAY,REGULAR,37,40,77,100,PASS
S1049,CS308,2026-MAY,REGULAR,23,52,75,100,PASS
S1050,CS101,2024-DEC,REGULAR,27,29,56,100,PASS
S1050,CS102,2024-DEC,REGULAR,31,43,74,100,PASS
S1050,CS103,2024-DEC,REGULAR,10,16,26,100,FAIL
S1050,CS103,2025-JAN,SUPPLEMENTARY,37,42,79,100,PASS
S1050,CS104,2024-DEC,REGULAR,26,26,52,100,PASS
S1050,CS105,2025-JUL,SUPPLEMENTARY,12,26,38,100,FAIL
S1050,CS105,2025-MAY,REGULAR,11,20,31,100,FAIL
S1050,CS106,2025-MAY,REGULAR,27,41,68,100,PASS
S1050,CS107,2025-MAY,REGULAR,23,40,63,100,PASS
S1050,CS108,2025-MAY,REGULAR,35,36,71,100,PASS
S1050,CS201,2025-DEC,REGULAR,35,42,77,100,PASS
S1050,CS202,2025-DEC,REGULAR,24,34,58,100,PASS
S1050,CS203,2025-DEC,REGULAR,26,44,70,100,PASS
S1050,CS204,2025-DEC,REGULAR,27,42,69,100,PASS
S1050,CS205,2026-MAY,REGULAR,23,45,68,100,PASS
S1050,CS206,2026-JUL,SUPPLEMENTARY,27,48,75,100,PASS
S1050,CS206,2026-MAY,REGULAR,11,15,26,100,FAIL
S1050,CS207,2026-MAY,REGULAR,31,29,60,100,PASS
S1050,CS208,2026-MAY,REGULAR,35,30,65,100,PASS
S1052,EC101,2025-DEC,REGULAR,38,30,68,100,PASS
S1052,EC102,2025-DEC,REGULAR,40,60,100,100,PASS
S1052,EC103,2025-DEC,REGULAR,31,47,78,100,PASS
S1052,EC104,2025-DEC,REGULAR,32,29,61,100,PASS
S1052,EC105,2026-MAY,REGULAR,25,34,59,100,PASS
S1052,EC106,2026-MAY,REGULAR,27,37,64,100,PASS
S1052,EC107,2026-MAY,REGULAR,31,34,65,100,PASS
S1052,EC108,2026-MAY,REGULAR,28,39,67,100,PASS
S1053,CS101,2023-DEC,REGULAR,27,39,66,100,PASS
S1053,CS102,2023-DEC,REGULAR,35,32,67,100,PASS
S1053,CS103,2023-DEC,REGULAR,35,39,74,100,PASS
S1053,CS104,2023-DEC,REGULAR,24,40,64,100,PASS
S1053,CS105,2024-MAY,REGULAR,34,46,80,100,PASS
S1053,CS106,2024-MAY,REGULAR,19,60,79,100,PASS
S1053,CS107,2024-MAY,REGULAR,24,47,71,100,PASS
S1053,CS108,2024-MAY,REGULAR,29,36,65,100,PASS
S1053,CS201,2024-DEC,REGULAR,8,10,18,100,FAIL
S1053,CS202,2024-DEC,REGULAR,27,38,65,100,PASS
S1053,CS203,2024-DEC,REGULAR,27,33,60,100,PASS
S1053,CS204,2024-DEC,REGULAR,25,38,63,100,PASS
S1053,CS205,2025-MAY,REGULAR,27,46,73,100,PASS
S1053,CS206,2025-MAY,REGULAR,37,40,77,100,PASS
S1053,CS207,2025-MAY,REGULAR,22,40,62,100,PASS
S1053,CS208,2025-MAY,REGULAR,20,39,59,100,PASS
S1053,CS301,2025-DEC,REGULAR,25,37,62,100,PASS
S1053,CS302,2025-DEC,REGULAR,38,43,81,100,PASS
S1053,CS303,2025-DEC,REGULAR,30,42,72,100,PASS
S1053,CS304,2025-DEC,REGULAR,29,37,66,100,PASS
S1053,CS305,2026-MAY,REGULAR,24,42,66,100,PASS
S1053,CS306,2026-MAY,REGULAR,32,41,73,100,PASS
S1053,CS307,2026-MAY,REGULAR,24,37,61,100,PASS
S1053,CS308,2026-MAY,REGULAR,34,49,83,100,PASS
S1054,EC101,2023-DEC,REGULAR,22,58,80,100,PASS
S1054,EC102,2023-DEC,REGULAR,29,46,75,100,PASS
S1054,EC103,2023-DEC,REGULAR,31,52,83,100,PASS
S1054,EC104,2023-DEC,REGULAR,35,33,68,100,PASS
S1054,EC105,2024-MAY,REGULAR,25,46,71,100,PASS
S1054,EC106,2024-MAY,REGULAR,25,43,68,100,PASS
S1054,EC107,2024-MAY,REGULAR,26,33,59,100,PASS
S1054,EC108,2024-MAY,REGULAR,28,55,83,100,PASS
S1054,EC201,2024-DEC,REGULAR,33,15,48,100,PASS
S1054,EC202,2024-DEC,REGULAR,22,51,73,100,PASS
S1054,EC203,2024-DEC,REGULAR,29,41,70,100,PASS
S1054,EC204,2024-DEC,REGULAR,28,54,82,100,PASS
S1054,EC205,2025-MAY,REGULAR,25,47,72,100,PASS
S1054,EC206,2025-MAY,REGULAR,30,29,59,100,PASS
S1054,EC207,2025-MAY,REGULAR,23,35,58,100,PASS
S1054,EC208,2025-MAY,REGULAR,32,43,75,100,PASS
S1054,EC301,2025-DEC,REGULAR,29,41,70,100,PASS
S1054,EC302,2025-DEC,REGULAR,20,29,49,100,PASS
S1054,EC303,2025-DEC,REGULAR,30,43,73,100,PASS
S1054,EC304,2025-DEC,REGULAR,27,44,71,100,PASS
S1054,EC305,2026-MAY,REGULAR,26,37,63,100,PASS
S1054,EC306,2026-MAY,REGULAR,29,34,63,100,PASS
S1054,EC307,2026-MAY,REGULAR,28,31,59,100,PASS
S1054,EC308,2026-MAY,REGULAR,33,29,62,100,PASS
S1055,CS101,2024-DEC,REGULAR,8,12,20,100,FAIL
S1055,CS101,2025-JAN,SUPPLEMENTARY,31,28,59,100,PASS
S1055,CS102,2024-DEC,REGULAR,26,34,60,100,PASS
S1055,CS103,2024-DEC,REGULAR,31,41,72,100,PASS
S1055,CS104,2024-DEC,REGULAR,26,30,56,100,PASS
S1055,CS105,2025-MAY,REGULAR,32,32,64,100,PASS
S1055,CS106,2025-MAY,REGULAR,33,59,92,100,PASS
S1055,CS107,2025-MAY,REGULAR,23,19,42,100,PASS
S1055,CS108,2025-MAY,REGULAR,33,42,75,100,PASS
S1055,CS201,2025-DEC,REGULAR,20,46,66,100,PASS
S1055,CS202,2025-DEC,REGULAR,32,52,84,100,PASS
S1055,CS203,2025-DEC,REGULAR,18,22,40,100,PASS
S1055,CS204,2025-DEC,REGULAR,37,57,94,100,PASS
S1055,CS205,2026-MAY,REGULAR,24,28,52,100,PASS
S1055,CS206,2026-MAY,REGULAR,25,57,82,100,PASS
S1055,CS207,2026-MAY,REGULAR,31,48,79,100,PASS
S1055,CS208,2026-MAY,REGULAR,27,35,62,100,PASS
S1056,MC101,2025-DEC,REGULAR,25,23,48,100,PASS
S1056,MC102,2025-DEC,REGULAR,24,50,74,100,PASS
S1056,MC103,2025-DEC,REGULAR,25,31,56,100,PASS
S1056,MC104,2025-DEC,REGULAR,28,59,87,100,PASS
S1056,MC105,2026-MAY,REGULAR,26,47,73,100,PASS
S1056,MC106,2026-MAY,REGULAR,33,42,75,100,PASS
S1056,MC107,2026-MAY,REGULAR,23,42,65,100,PASS
S1056,MC108,2026-MAY,REGULAR,26,34,60,100,PASS
S1057,CS101,2024-DEC,REGULAR,11,15,26,100,FAIL
S1057,CS102,2024-DEC,REGULAR,25,44,69,100,PASS
S1057,CS103,2024-DEC,REGULAR,24,45,69,100,PASS
S1057,CS104,2024-DEC,REGULAR,7,17,24,100,FAIL
S1057,CS104,2025-JAN,SUPPLEMENTARY,29,28,57,100,PASS
S1057,CS105,2025-MAY,REGULAR,37,38,75,100,PASS
S1057,CS106,2025-MAY,REGULAR,33,48,81,100,PASS
S1057,CS107,2025-MAY,REGULAR,37,38,75,100,PASS
S1057,CS108,2025-MAY,REGULAR,24,35,59,100,PASS
S1057,CS201,2025-DEC,REGULAR,39,38,77,100,PASS
S1057,CS202,2025-DEC,REGULAR,28,42,70,100,PASS
S1057,CS203,2025-DEC,REGULAR,38,42,80,100,PASS
S1057,CS204,2025-DEC,REGULAR,9,19,28,100,FAIL
S1057,CS205,2026-MAY,REGULAR,33,44,77,100,PASS
S1057,CS206,2026-MAY,REGULAR,29,26,55,100,PASS
S1057,CS207,2026-MAY,REGULAR,39,29,68,100,PASS
S1057,CS208,2026-MAY,REGULAR,23,34,57,100,PASS
S1058,CS101,2024-DEC,REGULAR,8,13,21,100,FAIL
S1058,CS101,2025-JAN,SUPPLEMENTARY,31,38,69,100,PASS
S1058,CS102,2024-DEC,REGULAR,36,44,80,100,PASS
S1058,CS103,2024-DEC,REGULAR,32,47,79,100,PASS
S1058,CS104,2024-DEC,REGULAR,24,47,71,100,PASS
S1058,CS105,2025-MAY,REGULAR,24,37,61,100,PASS
S1058,CS106,2025-MAY,REGULAR,25,28,53,100,PASS
S1058,CS107,2025-MAY,REGULAR,26,47,73,100,PASS
S1058,CS108,2025-JUL,SUPPLEMENTARY,32,32,64,100,PASS
S1058,CS108,2025-MAY,REGULAR,7,16,23,100,FAIL
S1058,CS201,2025-DEC,REGULAR,24,37,61,100,PASS
S1058,CS202,2025-DEC,REGULAR,31,40,71,100,PASS
S1058,CS203,2025-DEC,REGULAR,34,34,68,100,PASS
S1058,CS204,2025-DEC,REGULAR,19,37,56,100,PASS
S1058,CS205,2026-MAY,REGULAR,26,31,57,100,PASS
S1058,CS206,2026-MAY,REGULAR,26,40,66,100,PASS
S1058,CS207,2026-MAY,REGULAR,37,54,91,100,PASS
S1058,CS208,2026-MAY,REGULAR,23,32,55,100,PASS
S1060,CS101,2023-DEC,REGULAR,28,58,86,100,PASS
S1060,CS102,2023-DEC,REGULAR,25,50,75,100,PASS
S1060,CS103,2023-DEC,REGULAR,24,40,64,100,PASS
S1060,CS104,2023-DEC,REGULAR,21,57,78,100,PASS
S1060,CS105,2024-MAY,REGULAR,28,50,78,100,PASS
S1060,CS106,2024-MAY,REGULAR,35,29,64,100,PASS
S1060,CS107,2024-MAY,REGULAR,34,50,84,100,PASS
S1060,CS108,2024-MAY,REGULAR,22,44,66,100,PASS
S1060,CS201,2024-DEC,REGULAR,27,54,81,100,PASS
S1060,CS202,2024-DEC,REGULAR,31,39,70,100,PASS
S1060,CS203,2024-DEC,REGULAR,34,29,63,100,PASS
S1060,CS204,2024-DEC,REGULAR,38,52,90,100,PASS
S1060,CS205,2025-MAY,REGULAR,27,30,57,100,PASS
S1060,CS206,2025-MAY,REGULAR,32,50,82,100,PASS
S1060,CS207,2025-MAY,REGULAR,31,54,85,100,PASS
S1060,CS208,2025-MAY,REGULAR,30,28,58,100,PASS
S1060,CS301,2025-DEC,REGULAR,33,43,76,100,PASS
S1060,CS302,2025-DEC,REGULAR,39,37,76,100,PASS
S1060,CS303,2025-DEC,REGULAR,35,43,78,100,PASS
S1060,CS304,2025-DEC,REGULAR,29,46,75,100,PASS
S1060,CS305,2026-MAY,REGULAR,22,43,65,100,PASS
S1060,CS306,2026-MAY,REGULAR,35,35,70,100,PASS
S1060,CS307,2026-MAY,REGULAR,37,46,83,100,PASS
S1060,CS308,2026-MAY,REGULAR,23,43,66,100,PASS
