student_id,full_name,programme,batch_year,current_semester,cgpa,active_backlogs
S1001,Asha Verma,B.Tech CSE,2024,5,7.02,0
S1002,Rahul Menon,B.Tech CSE,2024,5,6.5,1
S1003,Meera Iyer,B.Tech ECE,2023,7,7.32,0
S1004,Karan Shah,B.Tech CSE,2025,3,7.86,0
S1005,Priya Nair,M.Tech CSE,2025,3,7.82,0
S1006,Vikram Rao,B.Tech CSE,2023,7,6.76,2
S1007,Neha Kulkarni,B.Tech CSE,2023,7,6.95,2
S1008,Arjun Das,B.Tech CSE,2024,5,7.63,0
S1009,Rohan Chopra,B.Tech CSE,2025,3,6.46,1
S1010,Divya Mehta,B.Tech CSE,2024,5,8.4,0
S1011,Waseem Chandra,B.Tech CSE,2025,3,6.68,1
S1012,Sneha Puri,B.Tech CSE,2024,5,6.79,2
S1013,Shruti Ghosh,B.Tech CSE,2024,5,7.04,1
S1014,Uday Dubey,B.Tech CSE,2025,3,7.46,0
S1015,Ekta Jain,B.Tech CSE,2023,7,6.85,1
S1016,Swati Krishnan,B.Tech CSE,2024,5,7.32,1
S1017,Lakshmi Vyas,B.Tech CSE,2024,5,7.71,0
S1018,Aditya Bajaj,B.Tech CSE,2023,7,7.0,0
S1019,Farhan Gill,B.Tech CSE,2023,7,7.08,1
S1020,Harsh Pillai,B.Tech ECE,2023,7,7.37,1
S1021,Manish Patil,B.Tech CSE,2025,3,6.36,1
S1022,Payal Hegde,B.Tech CSE,2024,5,7.46,0
S1023,Sameer Tandon,B.Tech ECE,2026,1,,0
S1024,Varun Parekh,B.Tech ECE,2025,3,8.04,0
S1025,Gaurav Khanna,B.Tech CSE,2024,5,7.13,1
S1026,Lokesh Rathore,B.Tech CSE,2025,3,7.25,0
S1027,Ojas Lal,B.Tech CSE,2025,3,7.68,0
S1028,Vidya Naidu,B.Tech ECE,2023,7,6.98,2
S1029,Trisha Mishra,B.Tech CSE,2026,1,,0
S1030,Tanvi Walia,B.Tech ECE,2026,1,,0
S1031,Naveen Pandey,M.Tech CSE,2025,3,6.79,1
S1032,Nandini Bhatt,B.Tech ECE,2026,1,,0
S1033,Deepa Banerjee,M.Tech CSE,2026,1,,0
S1034,Zubin Kapoor,B.Tech CSE,2025,3,8.04,0
S1035,Indira Desai,B.Tech ECE,2025,3,7.64,0
S1036,Bharat Sethi,M.Tech CSE,2026,1,,0
S1037,Gitanjali Solanki,B.Tech CSE,2026,1,,0
S1038,Jatin Joshi,B.Tech CSE,2023,7,7.52,0
S1039,Nikhil Dutta,B.Tech CSE,2025,3,7.25,0
S1040,Kunal Reddy,B.Tech CSE,2026,1,,0
S1041,Pranav Sharma,B.Tech CSE,2026,1,,0
S1042,Disha Saxena,B.Tech ECE,2026,1,,0
S1043,Yash Trivedi,B.Tech CSE,2025,3,5.43,2
S1044,Ananya Oberoi,B.Tech CSE,2026,1,,0
S1045,Aarti Tiwari,B.Tech CSE,2023,7,7.31,1
S1046,Siddharth Sinha,M.Tech CSE,2025,3,5.07,2
S1047,Bhavna Rastogi,B.Tech CSE,2026,1,,0
S1048,Mansi Biswas,B.Tech CSE,2024,5,6.93,1
S1049,Qadir Goswami,B.Tech CSE,2023,7,7.55,0
S1050,Hemant Malhotra,B.Tech CSE,2024,5,6.68,1
S1051,Abhishek Chauhan,B.Tech CSE,2026,1,,0
S1052,Pooja Anand,B.Tech ECE,2025,3,7.39,0
S1053,Chirag Thakur,B.Tech CSE,2023,7,7.19,1
S1054,Ritika Zaveri,B.Tech ECE,2023,7,7.35,0
S1055,Kavya Bose,B.Tech CSE,2024,5,7.41,0
S1056,Rekha Mathur,M.Tech CSE,2025,3,7.25,0
S1057,Yamini Sodhi,B.Tech CSE,2024,5,6.48,2
S1058,Ishita Agarwal,B.Tech CSE,2024,5,7.29,0
S1059,Komal Yadav,B.Tech ECE,2026,1,,0
S1060,Tarun Uppal,B.Tech CSE,2023,7,7.92,0
